{"type": "metrics", "dataset": "train", "precision": 0.6948356807511737, "balanced_accuracy": 0.6639039715795939, "recall": 0.37587301587301586, "f1_score": 0.48784507622579315}
{"type": "metrics", "dataset": "test", "precision": 0.6775067750677507, "balanced_accuracy": 0.6715102983145784, "recall": 0.3934942287513116, "f1_score": 0.49784268171257884}
{"type": "cm_matrix", "dataset": "train", "true_0": {"predicted_0": 15448, "predicted_1": 780}, "true_1": {"predicted_0": 780, "predicted_1": 1776}}
{"type": "cm_matrix", "dataset": "test", "true_0": {"predicted_0": 6716, "predicted_1": 357}, "true_1": {"predicted_0": 357, "predicted_1": 750}}
