{"type": "metrics", "dataset": "train", "precision": 0.6958333333333333, "balanced_accuracy": 0.654227587565029, "recall": 0.35343915343915344, "f1_score": 0.4687719298245614}
{"type": "metrics", "dataset": "test", "precision": 0.6943105110896818, "balanced_accuracy": 0.6664680682001771, "recall": 0.3777544596012592, "f1_score": 0.4892966360856269}
{"type": "cm_matrix", "dataset": "train", "true_0": {"predicted_0": 15498, "predicted_1": 730}, "true_1": {"predicted_0": 3055, "predicted_1": 1670}}
{"type": "cm_matrix", "dataset": "test", "true_0": {"predicted_0": 6756, "predicted_1": 317}, "true_1": {"predicted_0": 1186, "predicted_1": 720}}
